config,look_back,neurons,mae
Win90_Neur50,90,50,16.833688420834747
Win90_Neur100,90,100,17.326379195503566
Win60_Neur50,60,50,17.375270558232845
Win60_Neur100,60,100,17.446927967900816
